pearson_r,spearman_rho,var_lat,var_lon,cov_lat_lon
0.43102774197216415,-0.15297744115514691,29.316952992708007,45.12915314534737,15.678092795446537
