metric,manhã,tarde,diferença,diferença_%
mean,0.55963,4.60887,4.04924,723.56
median,0.83,4.7,3.87,466.27
std,4.09971,5.82967,1.72997,42.2
var,16.8076,33.98508,17.17749,102.2
Q1,-0.84,2.92,3.76,447.62
Q2,0.83,4.7,3.87,466.27
Q3,1.57,6.09,4.52,287.9
IQR,2.41,3.17,0.76,31.54
min,-87.88,-85.46,2.42,2.75
max,74.74,78.2,3.46,4.63
range,162.62,163.66,1.04,0.64
mad,1.78348,2.53626,0.75278,42.21
