,n,mean(m),median(m),std(m),var(m^2),min(m),p25(m),p50(m),p75(m),max(m),iqr(m),mad(m),MAE(m),MSE(m^2),RMSE(m),R2(baseline_0),outliers_tukey(n),outliers_tukey(%),perc_|e|<=0.5m,perc_|e|<=1m,perc_|e|<=2m,perc_|e|<=3m,perc_|e|<=5m,perc_|e|<=10m,perc_|e|<=20m,perc_|e|<=50m,perc_|e|<=100m
erro_radial(manha),214258,2.981099951362494,2.1508137994721905,5.96152084318008,35.539730763670526,0.3132091952673165,1.3912943613772033,2.1508137994721905,2.986050903785801,152.59159740955593,1.5947565424085977,1.8155775115327686,2.981099951362494,44.42652181015411,6.665322333552528,-0.2500581238820643,9560,4.4619,0.7122,10.591,44.7078,75.7769,94.6942,97.8157,98.4747,99.5519,99.9599
