,n,mean(m),median(m),std(m),var(m^2),min(m),p25(m),p50(m),p75(m),max(m),iqr(m),mad(m),MAE(m),MSE(m^2),RMSE(m),R2(baseline_0),outliers_tukey(n),outliers_tukey(%),perc_|e|<=0.5m,perc_|e|<=1m,perc_|e|<=2m,perc_|e|<=3m,perc_|e|<=5m,perc_|e|<=10m,perc_|e|<=20m,perc_|e|<=50m,perc_|e|<=100m
latitude_erro(manha),214258,0.5596305388830288,0.83,4.099706913152511,16.80759677375049,-87.88,-0.84,0.83,1.57,74.74,2.41,1.7834809136511367,1.9197218306901027,17.120704668203757,4.1377173257973725,-0.018633705103620724,5080,2.371,16.6706,28.6197,68.2747,89.8748,97.6729,98.4085,99.2075,99.8964,100.0
