,n,mean(m),median(m),std(m),var(m^2),min(m),p25(m),p50(m),p75(m),max(m),iqr(m),mad(m),MAE(m),MSE(m^2),RMSE(m),R2(baseline_0),outliers_tukey(n),outliers_tukey(%),perc_|e|<=0.5m,perc_|e|<=1m,perc_|e|<=2m,perc_|e|<=3m,perc_|e|<=5m,perc_|e|<=10m,perc_|e|<=20m,perc_|e|<=50m,perc_|e|<=100m
longitude_erro(manha),214258,0.5910685248625488,0.39,5.191972742081458,26.956580954516856,-124.37,-0.66,0.39,1.69,134.16,2.35,1.9457817917827973,1.9694978950610948,27.305817141950364,5.225496832067776,-0.012960235285297106,10898,5.0864,21.6963,42.1417,70.5598,89.0609,95.8387,98.1854,99.0703,99.6565,99.9683
